image_id,prediction_string
IMG_0268,2 0.855174 0.772057 0.674774 0.455886 0.650452 2 0.809503 0.417404 0.503444 0.699050 0.791437 2 0.663394 0.308615 0.517236 0.479600 0.748713 2 0.058892 0.847700 0.058710 0.304600 0.117402
IMG_0269,2 0.638964 0.330781 0.607882 0.521512 0.673911 1 0.224728 0.417806 0.022433 0.829198 0.044866
IMG_0270,no boxes
IMG_0272,2 0.885247 0.437048 0.188357 0.526116 0.376715
IMG_0274,2 0.811524 0.587549 0.382872 0.107292 0.118366
IMG_0275,2 0.450801 0.631760 0.440696 0.103831 0.116300
IMG_0276,2 0.156185 0.369896 0.985097 0.074258 0.029623
IMG_0279,no boxes
IMG_0280,no boxes
IMG_0281,2 0.075630 0.630230 0.569815 0.198365 0.226407
IMG_0285,2 0.928227 0.419800 0.445569 0.145571 0.152728 0 0.848584 0.946987 0.066693 0.085893 0.064948
IMG_0286,2 0.944430 0.584280 0.412145 0.225459 0.220029
IMG_0288,2 0.891680 0.462583 0.641161 0.656459 0.620159
IMG_0289,2 0.916592 0.331241 0.756104 0.660776 0.480349
IMG_0291,2 0.948454 0.419105 0.356749 0.190782 0.206272
IMG_0292,2 0.844043 0.536915 0.498403 0.135294 0.152816
IMG_0293,2 0.533776 0.525704 0.491753 0.157840 0.172768
IMG_0294,2 0.281070 0.572343 0.399662 0.248155 0.225880
IMG_0295,2 0.889623 0.592876 0.336891 0.149016 0.147665
IMG_0297,2 0.878472 0.548841 0.318703 0.044584 0.051293
IMG_0299,2 0.110598 0.338593 0.334124 0.019243 0.049362
IMG_0301,2 0.905029 0.561401 0.426949 0.140299 0.144089
IMG_0303,2 0.649231 0.607690 0.424951 0.122657 0.121696
IMG_0304,2 0.879385 0.605573 0.376704 0.072198 0.074934
IMG_0305,2 0.941730 0.651971 0.434341 0.095632 0.092221 2 0.627351 0.513783 0.026604 0.252735 0.052981 2 0.099070 0.692491 0.035669 0.108386 0.071338 2 0.078381 0.692731 0.023190 0.111849 0.046380 2 0.069451 0.380027 0.025751 0.527498 0.051501 2 0.062502 0.885244 0.983264 0.227377 0.032978 2 0.058939 0.301805 0.047218 0.603611 0.094436
IMG_0306,2 0.912752 0.543974 0.387074 0.078658 0.082592
IMG_0307,2 0.929688 0.524058 0.309099 0.091955 0.098846 2 0.208433 0.866323 0.028539 0.267151 0.056995 2 0.055079 0.659722 0.031168 0.612619 0.062337
IMG_0309,2 0.917054 0.423001 0.278500 0.152915 0.157075 2 0.065252 0.815176 0.038805 0.369648 0.077315
IMG_0310,2 0.279588 0.323470 0.188523 0.115457 0.157774 2 0.152249 0.015869 0.032683 0.031739 0.064886
IMG_0311,2 0.891981 0.458310 0.490284 0.081497 0.123588 2 0.406193 0.475956 0.489512 0.116606 0.124305
IMG_0312,2 0.879870 0.459071 0.528176 0.050918 0.092290 2 0.289851 0.538566 0.043270 0.187312 0.086476
IMG_0313,2 0.350566 0.416584 0.508128 0.146850 0.162280
IMG_0314,2 0.929077 0.338755 0.561699 0.159693 0.192958
IMG_0315,2 0.921302 0.568762 0.401826 0.258560 0.254777
IMG_0317,2 0.942160 0.487644 0.272027 0.246117 0.255589 2 0.582847 0.949830 0.086822 0.099617 0.172676 2 0.132994 0.927720 0.086542 0.142965 0.172453
IMG_0320,2 0.947744 0.397430 0.387743 0.151347 0.166674 2 0.926506 0.768741 0.387688 0.124265 0.109940
IMG_0322,2 0.950384 0.735246 0.438592 0.229055 0.208456 2 0.722114 0.177743 0.307829 0.236374 0.246767 2 0.068937 0.163078 0.216918 0.262922 0.433836
IMG_0323,2 0.814161 0.643672 0.378516 0.195286 0.188185 0 0.367189 0.643232 0.379139 0.199777 0.189258 2 0.281391 0.143647 0.307390 0.197765 0.228174
IMG_0324,2 0.055431 0.180273 0.411137 0.239829 0.191104
IMG_0325,2 0.912111 0.629722 0.362410 0.168501 0.056171 2 0.303251 0.180695 0.346826 0.182322 0.096063
IMG_0326 (2),2 0.591503 0.547834 0.416965 0.153960 0.156200 0 0.090960 0.547896 0.416061 0.154134 0.155249 2 0.090633 0.258732 0.354261 0.149821 0.171822
IMG_0327,no boxes
IMG_0328,2 0.883355 0.561489 0.406634 0.123731 0.126412 2 0.857846 0.407525 0.214412 0.056354 0.099797
IMG_0330,2 0.905798 0.482492 0.631680 0.648200 0.622088
IMG_0331,2 0.892897 0.862344 0.705857 0.275312 0.575213 2 0.395648 0.223578 0.286078 0.229951 0.343993
IMG_0332,2 0.908007 0.831695 0.587877 0.336610 0.418811 2 0.744307 0.187517 0.285533 0.249225 0.308060
IMG_0333,2 0.941977 0.520141 0.431379 0.227969 0.219221 2 0.928096 0.129977 0.225822 0.167893 0.238791
IMG_0334,2 0.908241 0.501553 0.512793 0.281829 0.291652 2 0.800902 0.259746 0.263540 0.138484 0.304906
IMG_0335,2 0.906046 0.378259 0.432738 0.259266 0.272581
IMG_0336,2 0.943310 0.358222 0.312838 0.190918 0.200227 2 0.356170 0.864286 0.009516 0.113576 0.019030 2 0.203949 0.827260 0.009760 0.209031 0.019520
IMG_0337,2 0.902828 0.133095 0.461520 0.265595 0.317708
IMG_0338,2 0.868105 0.654367 0.220655 0.171349 0.350032 2 0.714090 0.055193 0.559798 0.109723 0.454850
IMG_0340,2 0.920525 0.465734 0.216467 0.379956 0.432794
IMG_0341,2 0.898238 0.440171 0.468896 0.731434 0.746282
IMG_0342,2 0.925298 0.591959 0.230080 0.370262 0.395646
IMG_0343,2 0.928888 0.084094 0.567677 0.168188 0.208187 1 0.152380 0.866603 0.457939 0.261063 0.266100 2 0.060996 0.863258 0.461329 0.260067 0.274816
IMG_0344,2 0.947387 0.238836 0.414841 0.169811 0.165614 2 0.940966 0.815191 0.344476 0.230128 0.235058
IMG_0345,2 0.903437 0.627958 0.479422 0.287455 0.321560
IMG_0346,2 0.925225 0.554139 0.379404 0.334972 0.368996 2 0.126638 0.617456 0.006704 0.130452 0.013409
IMG_0347,2 0.923837 0.805050 0.505817 0.324370 0.341913
IMG_0348,2 0.927819 0.628442 0.506699 0.358585 0.405471 2 0.867224 0.281835 0.042807 0.096924 0.085294
IMG_0351,2 0.902504 0.544511 0.671603 0.306902 0.351126
IMG_0352,2 0.915030 0.353450 0.218716 0.315239 0.364553
IMG_0354,2 0.923021 0.323424 0.076816 0.226698 0.153355 2 0.156745 0.656329 0.285248 0.349028 0.251832
IMG_0356,2 0.938480 0.641631 0.245244 0.210336 0.235955 2 0.264684 0.848085 0.496563 0.303439 0.224929
IMG_0357,2 0.935777 0.331150 0.413886 0.190701 0.204167 2 0.083312 0.955795 0.414514 0.087505 0.172950
IMG_0358,2 0.911278 0.268767 0.357665 0.252397 0.268025
IMG_0359,2 0.873718 0.176571 0.565146 0.353141 0.594629 2 0.080062 0.323884 0.367315 0.033196 0.092363
IMG_0361,2 0.885614 0.361690 0.300207 0.266813 0.303638
IMG_0362,2 0.588488 0.421622 0.238520 0.266543 0.207728
IMG_0363 (2),2 0.935945 0.611237 0.372431 0.239031 0.218595
IMG_8208,1 0.955652 0.372288 0.539794 0.239257 0.284727 1 0.196180 0.318261 0.352963 0.171646 0.139146
IMG_8209,1 0.953259 0.432792 0.676117 0.218361 0.276823 2 0.953172 0.099709 0.563172 0.199418 0.197751 2 0.343568 0.826177 0.016517 0.113312 0.032761 0 0.208430 0.979679 0.202851 0.040642 0.078651 0 0.207370 0.979789 0.187738 0.040422 0.115673
IMG_8210,1 0.949251 0.570137 0.671136 0.219514 0.273377 2 0.946901 0.100115 0.624146 0.200230 0.228219
IMG_8211,2 0.958972 0.190500 0.683158 0.209707 0.212046 1 0.933691 0.637410 0.650005 0.188160 0.223868
IMG_8212,1 0.899334 0.702329 0.650048 0.125301 0.152720
IMG_8213,1 0.940152 0.676086 0.625472 0.136747 0.162563 1 0.921454 0.740955 0.498076 0.117524 0.122610 2 0.079093 0.300039 0.019670 0.259455 0.039201 2 0.054084 0.243345 0.021501 0.126684 0.043002
IMG_8215,1 0.938076 0.667294 0.685893 0.165056 0.188785 1 0.929075 0.828285 0.563481 0.154648 0.146452 2 0.124908 0.456897 0.463240 0.026524 0.048806
IMG_8216,1 0.942116 0.757866 0.548350 0.165466 0.185791 1 0.092013 0.945213 0.491523 0.109374 0.153314
IMG_8217,2 0.948590 0.676312 0.428841 0.143308 0.144831 1 0.930411 0.405026 0.472739 0.147676 0.175966
IMG_8218,1 0.924981 0.119612 0.651226 0.238921 0.408344 2 0.918503 0.685137 0.535646 0.290327 0.290961
IMG_8219,1 0.868085 0.499441 0.110591 0.336932 0.220956 2 0.519367 0.500438 0.110496 0.330147 0.220992
IMG_8221,2 0.940415 0.911918 0.678822 0.157696 0.159344 1 0.920389 0.614236 0.714054 0.142722 0.185528
IMG_8222,2 0.907728 0.614574 0.595676 0.105232 0.116788 1 0.899443 0.378520 0.593730 0.105416 0.132780 2 0.143514 0.962951 0.382904 0.074099 0.218655
IMG_8223,2 0.915909 0.683844 0.635477 0.115264 0.129343 1 0.907012 0.454170 0.580782 0.111674 0.126969
IMG_8226,1 0.913454 0.404733 0.690698 0.149796 0.187056 2 0.786544 0.625311 0.897144 0.314437 0.205711 2 0.243363 0.574185 0.894742 0.217269 0.196769
IMG_8231,1 0.932682 0.471726 0.448952 0.178547 0.100424 2 0.926407 0.431875 0.948057 0.214555 0.103886
IMG_8655,0 0.963058 0.351911 0.458781 0.288665 0.285564 1 0.946493 0.656443 0.527160 0.068493 0.083815
IMG_8656,0 0.967132 0.300713 0.488961 0.392665 0.363668 1 0.942582 0.684227 0.506110 0.081828 0.091682
IMG_8657,0 0.950277 0.375545 0.455593 0.196213 0.375893 1 0.949244 0.590672 0.426766 0.071685 0.083651
IMG_8658,2 0.899402 0.347699 0.649700 0.116369 0.117002 2 0.296269 0.229351 0.626881 0.161327 0.082099 0 0.076601 0.398798 0.351983 0.123558 0.151306
IMG_8659,2 0.720367 0.650923 0.580916 0.082498 0.088178 0 0.104600 0.572738 0.478997 0.127758 0.228497 1 0.087130 0.546978 0.487367 0.181809 0.246992
IMG_8660,0 0.915930 0.581184 0.283645 0.234870 0.187444 2 0.054535 0.461275 0.329655 0.014551 0.046657
IMG_8661,0 0.133765 0.353058 0.485354 0.174595 0.230308
IMG_8663,0 0.964933 0.517563 0.337773 0.390474 0.353684 1 0.886537 0.205055 0.441904 0.114599 0.086628
IMG_8664,1 0.947370 0.438395 0.597630 0.275771 0.310737 0 0.661443 0.355122 0.314496 0.318189 0.617912
IMG_8665,0 0.867089 0.419679 0.384449 0.170531 0.242917 1 0.097438 0.411639 0.483810 0.069501 0.058362
IMG_8666,0 0.570352 0.512692 0.376545 0.131971 0.237514 1 0.172117 0.448716 0.476155 0.071196 0.057484
IMG_8667,1 0.926561 0.428129 0.628625 0.140301 0.183358 1 0.854319 0.314048 0.216708 0.112533 0.122265 2 0.807869 0.306517 0.328273 0.086624 0.089899
IMG_8668,1 0.919909 0.709537 0.637175 0.165519 0.170223 2 0.906363 0.248715 0.295507 0.087057 0.096993 1 0.858618 0.232384 0.182059 0.208300 0.168319 0 0.272005 0.975026 0.108270 0.049629 0.134180
IMG_8670,2 0.920049 0.436673 0.343744 0.079670 0.092515 0 0.834807 0.339103 0.180260 0.168606 0.172328 0 0.433809 0.974863 0.805407 0.050274 0.132391 0 0.081191 0.053358 0.093501 0.106717 0.183309
IMG_8671,0 0.934799 0.274309 0.458321 0.114912 0.144108
IMG_8673,0 0.945448 0.359287 0.337297 0.193250 0.340080 2 0.523663 0.975796 0.460193 0.048020 0.132030 0 0.497557 0.052224 0.392494 0.104448 0.183088 1 0.210010 0.972594 0.786930 0.054811 0.102615
IMG_8674,0 0.963798 0.291986 0.617210 0.406061 0.334928 2 0.892236 0.613829 0.462682 0.079458 0.096009 1 0.862999 0.713930 0.320157 0.039257 0.045417
IMG_8675,0 0.966455 0.218880 0.673663 0.426197 0.285247 2 0.900928 0.556576 0.442899 0.079045 0.096526 1 0.847650 0.676617 0.244039 0.039603 0.049770 1 0.489014 0.026537 0.375961 0.053074 0.126938 2 0.069427 0.027981 0.373672 0.055962 0.130871 2 0.053121 0.474852 0.432273 0.098626 0.083520
IMG_8676,0 0.943471 0.269598 0.544978 0.204530 0.260359 2 0.912418 0.637126 0.512761 0.066593 0.069123 1 0.821225 0.888671 0.422603 0.037500 0.040909 1 0.064045 0.511008 0.413704 0.129318 0.166181
IMG_8677,0 0.951743 0.220670 0.626341 0.440120 0.537166 2 0.871086 0.813805 0.479349 0.127923 0.124319
IMG_8678,1 0.894256 0.728567 0.399844 0.065601 0.078160
IMG_8680,1 0.949166 0.583188 0.484317 0.242813 0.274156
IMG_8681,0 0.939207 0.218631 0.207101 0.380096 0.392463 2 0.862782 0.736218 0.647649 0.212223 0.182759 1 0.314729 0.663372 0.553474 0.134133 0.146021 2 0.175136 0.078231 0.186406 0.090255 0.199923
IMG_8683,2 0.939872 0.593872 0.456697 0.161973 0.164646 0 0.927352 0.821911 0.320589 0.356179 0.213387 1 0.917566 0.466568 0.444983 0.101066 0.128068 2 0.065150 0.377000 0.133529 0.742828 0.267058
IMG_8684,0 0.966722 0.802765 0.442672 0.378673 0.276521 2 0.858847 0.311017 0.545603 0.170530 0.156995 1 0.419350 0.202218 0.505003 0.078738 0.129344
IMG_8685,1 0.923891 0.395084 0.413761 0.064066 0.081789 2 0.888322 0.290219 0.435774 0.072678 0.075279 0 0.676922 0.423971 0.258145 0.213727 0.261098
IMG_8686,0 0.917526 0.312762 0.334708 0.575465 0.333005 2 0.913913 0.289199 0.616401 0.104897 0.101196 1 0.905387 0.432872 0.566395 0.088384 0.101984 0 0.798173 0.406116 0.335167 0.390001 0.332254 2 0.171502 0.922611 0.229099 0.154778 0.456240 2 0.087527 0.826138 0.011551 0.184481 0.022738
IMG_8688,0 0.910947 0.553905 0.301509 0.287286 0.289349 2 0.905625 0.698559 0.548291 0.092921 0.096006 1 0.842319 0.733212 0.477353 0.080854 0.094207 1 0.368851 0.705748 0.547442 0.089574 0.097843 2 0.132484 0.976475 0.225320 0.046311 0.111295 1 0.069534 0.723366 0.510327 0.086756 0.149446
IMG_8690,2 0.915002 0.710589 0.510010 0.069229 0.070944 0 0.520773 0.447272 0.404307 0.322765 0.198168 2 0.175112 0.017921 0.090343 0.035842 0.180657 0 0.136201 0.422405 0.374662 0.274920 0.133847
IMG_8691,2 0.907005 0.794514 0.818331 0.410973 0.363338 1 0.194550 0.465841 0.635105 0.285215 0.335851 1 0.194275 0.466587 0.732301 0.285389 0.529371 2 0.068802 0.466155 0.732178 0.290536 0.526112
IMG_8693,1 0.917442 0.530562 0.660493 0.186630 0.230871 2 0.907141 0.398209 0.879468 0.262526 0.240989 0 0.052017 0.237535 0.347899 0.462859 0.692434
IMG_8694,1 0.944663 0.442986 0.401737 0.250621 0.296878 2 0.380146 0.973938 0.016238 0.048028 0.032282 2 0.241594 0.112869 0.534769 0.224477 0.371214
IMG_8695,1 0.876081 0.206066 0.293449 0.388894 0.350444 2 0.208811 0.168040 0.568751 0.336057 0.612842 2 0.123955 0.120127 0.560252 0.239368 0.658981
IMG_8696,0 0.962177 0.374542 0.439860 0.391509 0.228841 1 0.925617 0.678787 0.609818 0.092459 0.073319 2 0.923528 0.699316 0.720340 0.100684 0.070458
IMG_8698,2 0.926882 0.348752 0.742088 0.094850 0.074203 1 0.923446 0.439018 0.641496 0.086942 0.077289 0 0.859726 0.281064 0.429974 0.360353 0.400185
IMG_8699,0 0.923711 0.423706 0.346490 0.209590 0.412067 0 0.878288 0.469415 0.346272 0.302762 0.414770 2 0.406866 0.124263 0.064713 0.248032 0.129426
IMG_8700,2 0.904117 0.293265 0.736316 0.130774 0.137814 1 0.867053 0.362726 0.623567 0.114185 0.129599 0 0.357794 0.679875 0.110326 0.080751 0.158822
IMG_8702,2 0.938750 0.563911 0.700671 0.141469 0.156594 1 0.776915 0.515161 0.594766 0.107588 0.141384
